{"cameraMode":{"drawMode":0,"name":"Shaded","section":"Shading Mode"},"sceneLighting":true,"audioPlay":false,"sceneViewState":{"showFog":true,"showMaterialUpdate":true,"showSkybox":false,"showFlares":true,"showImageEffects":true,"showParticleSystems":true},"in2DMode":false,"pivot":{"x":-0.16379651427268983,"y":0.59165358543396,"z":-6.456791400909424},"rotation":{"x":-0.03780021145939827,"y":0.005093939136713743,"z":-0.00019359189900569618,"w":-0.9992769956588745},"size":3.292604684829712,"orthographic":false}